adidas,1289
x tango,1289
x tango adidas,1289
Arena,831
ASICS,694
essex,694
a six,694
Better Bodies,20804
Billabong,121
Bjorn Borg,112
Burton,1323
Calvin Klein,974
Casio,4515
Champion,1142
CITIZEN,9382
Columbia,1123
Converse,348
Converses,348
all star,348
Crocs,707
D C,3641
DC,3641
Dickies,383
Diesel,18729
D K N Y,18731
Donna Karan,18731
DKNY,18731
EMPORIO ARMANI,1878
Armani,1878
Fila,842
feel,842
fear,842
FRED PERRY,3029
Gant,262
Garmin,18225
Guess,360
H and M,23014
H et M,23014
H M,23014
HM,23014
Helly Hansen,1476
Hugo Boss,3973
Boss,3973
Hugo,3973
Jack & Jones,273
Jack and Jones,273
Jack Wolfskin,339
Lacoste,88
Levis,441
Levi's,441
Levi,441
Michael Kors,18972
Molo,96
New Balance,281
New Balances,281
Nike,1273
Nikes,1273
Air Max,1273
Air Maxes,1273
Air Force Ones,1273
Air Force One,1273
Air Force,1273
Air Jordan,1273
Jordan,1273
O Neill,746
O'Neill,746
Oakley,234
Oakleys,234
Old Navy,1896
Patagonia,745
Peak Performance,4146
Big Performance,4146
junior frost down,4146
jr frost down,4146
Helium hood,4146
Puma,267
Quicksilver,21503
RALPH LAUREN,1778
Polo RALPH LAUREN,1778
Ray-Ban,4355
Ray-Bans,4355
Reebok,881
Skechers,12
Sloggi,997
Sloggis,997
Slogging,997
Speedo,1050
Speedos,1050
Superdry,125
Ted Baker,4106
The North Face,61
North Face,61
TIMBERLAND,3433
Timberlands,3433
Tommy Hilfiger,1671
Hilfiger,1671
Tommy Hilfiger Sport,23879
Under Armour,716
Vans,191
Versace,868
Craft,507
Dr. Martens,491
Doc Martens,491
Doc Martinâ€™s,491
Happy Socks,4315
Happy sox,4315
Lindberg,1327
Lindberg Sweden,1327
Salomon,1059
Solomon,1059
Tiger of Sweden,1566
Viking,289
Viking cascade,289
Viking Toasty,289
Viking toasty two,289
Viking cascade two,289
Viking cascade ii,289
Scarpe,2652
Zara,7695
zara,7695