Accessories,Accessories
Baby coveralls,Kick suits
Baby rompers,Kick suits
Baby one piece,Kick suits
Baby footie,Kick suits
Baby footies,Kick suits
baby clothes,Kick suits
babies,Kick suits
baby,Kick suits
baby outfit,Kick suits
Baby pants,Baby pants
Baby shirts,Baby shirts
Baby shoes,Baby shoes
Backpacks,Reput
Rucksacks,Reput
Backpack,Reput
Rucksack,Reput
Schoolbag,Reput
Schoolbags,Reput
Back pack,Reput
Back packs,Reput
Bags,Bags
Bag,Bags
Base layers,Underlays
Underlays,Underlays
Bathrobes,Bathrobes
Bathrobe,Bathrobes
Beach dresses,Beach dresses
Beach dress,Beach dresses
Beachwear,Beachwear
beach,Beachwear
Beanies,Pipot
Beanie,Pipot
Belt bags,Belt bags
Belt bag,Belt bags
Fanny pack,Belt bags
Fanny packs,Belt bags
Bum bags,Belt bags
Bum bag,Belt bags
waist pack,Belt bags
waist packs,Belt bags
Belts,Belts
Belt,Belts
Leather belts,Belts
Leather belt,Belts
Bicycle bags,Bicycle bags
Bicycle bag,Bicycle bags
Biker jackets,Biker jackets
Biker jacket,Biker jackets
Bikini,Bikini
Bikinis,Bikini
Bikini bra,Bikini bra
Bikini bras,Bikini bra
Blazers,Blazers
Blazer,Blazers
Blouses,Blouses
Blouse,Blouses
Bodys,Bodyt
Body,Bodyt
bodies,Bodyt
Boots,Boots
Boot,Boots
Bracelets,Bracelets
Bracelet,Bracelets
Bras,Bra
Bra,Bra
sports bra,Bra
sports bras,Bra
Caftans,Caftans
Caftan,Caftans
Caps,Caps
Cap,Caps
Cardigans,Cardigans
Cardigan,Cardigans
Cargo pants,Thigh pocket trousers
Cargo shorts,Cargoshortsit
Casual dresses,Casual dresses
Casual dress,Casual dresses
Casual pants,Casual pants
Casual shirts,Casual shirts
Casual shirt,Casual shirts
Chino shorts,Chino shorts
Chinos,Chinot
Khakis,Chinot
ginos,Chinot
she knows,Chinot
Sea shoe,Sea shoes
Aquatic shoes,Sea shoes
Aquatic shoe,Sea shoes
Aqua shoes,Sea shoes
Aqua shoe,Sea shoes
Water shoes,Sea shoes
Water shoe,Sea shoes
Climbing shoes,Climbing shoes
mountaineering shoes,Climbing shoes
mountaineering shoe,Climbing shoes
Camping gear,Camping gear
Camping equipment,Camping gear
Camping supplies,Camping gear
Cloth pants,Cloth pants
Cotton pants,Cloth pants
Linen pants,Cloth pants
cotton trousers,Cloth pants
Coats,Coats
Coat,Coats
Comfy pants,Comfy pants
Compression shirts,Compression shirts
Compression shirt,Compression shirts
Court shoes,Court shoes
Cross-country running shoes,Cross-country running shoes
Trail running shoes,Cross-country running shoes
Trail running trainers,Cross-country running shoes
Cross-country running trainers,Cross-country running shoes
Off-road running shoes,Cross-country running shoes
Off-road running trainers,Cross-country running shoes
Cycling backpacks,Cycling backpacks
Cycling backpack,Cycling backpacks
Cycling clothing,Cycling clothing
Cycling clothes,Cycling clothing
Cycling wear,Cycling clothing
Cycling,Cycling clothing
Cycling cloth,Cycling clothing
Cycling pants,Cycling pants
Cycling shoes,Cycling shoes
Daypacks,Daypacks
Denim,Jeans
Jeans,Jeans
Chains,Jeans
James,Jeans
Genes,Jeans
denim jeans,Jeans
jean,Jeans
Denim dresses,Denim dresses
Denim dress,Denim dresses
Denim jackets,Denim jackets
Denim jacket,Denim jackets
Denim shorts,Denim shorts
short jeans,Denim shorts
Denim skirts,Denim skirts
Denim skirt,Denim skirts
Down jackets,Down jackets
Down jacket,Down jackets
Down coat,Down jackets
Down coats,Down jackets
Dresses,Dresses
Dress,Dresses
Frock,Dresses
Frocks,Dresses
Dresses with stripes,Dress with stripes
Striped dress,Dress with stripes
Striped dresses,Dress with stripes
Earrings,Earrings
Earring,Earrings
Fitness shoes,Fitness shoes
Fleece,Fleece
Gloves,Gloves
Hair accessories,Hair accessories
Handbags,Handbags
Handbag,Handbags
Purse,Handbags
Purses,Handbags
Hats,Millinery
Hat,Millinery
beret,Millinery
berets,Millinery
Headphones,Headphones
wireless headphones,Headphones
Hiking clothing,Hiking clothing
Hiking clothes,Hiking clothing
Trekking clothes,Hiking clothing
Hoodies,Hoodies
Hoodie,Hoodies
Jackets,Jackets
Jacket,Jackets
check it,Jackets
Jewelry,Jewelry
Jumpsuits,Jumpsuits overalls
Jumpsuit,Jumpsuits overalls
Keychains,Keychains
Keychain,Keychains
Knit sweaters,Knit sweaters
Knit sweater,Knit sweaters
Knitted sweaters,Knit sweaters
Knitted sweater,Knit sweaters
Knitted skirts,Knitted skirts
Knitted skirt,Knitted skirts
Knitwear,Knitwear
Lace dresses,Lace dresses
Lace dress,Lace dresses
Lace-up shoes,Lace-up shoes
shoes with laces,Lace-up shoes
shoelaces,Lace-up shoes
leather shoes,Lace-up shoes
leather insoles,Lace-up shoes
ones with laces,Lace-up shoes
Leather boots,Leather boots
Leather boot,Leather boots
Leather jackets,Leather jackets
Leather jacket,Leather jackets
Leather coat,Leather jackets
Leather coats,Leather jackets
Leg warmers,Leg warmers
Leggings,Leggings
Oversized leggings,Leggings
Leisurewear,Living clothes
Leisure clothes,Living clothes
Leisure clothing,Living clothes
Long skirts,Long skirts
Long skirt,Long skirts
Long sleeve dresses,Long sleeve dresses
Long sleeve dress,Long sleeve dresses
Dress with long sleeves,Long sleeve dresses
Dresses with long sleeves,Long sleeve dresses
Long sleeve shirts,Long sleeve shirts
Long sleeve shirt,Long sleeve shirts
Shirt with long sleeves,Long sleeve shirts
Shirts with long sleeves,Long sleeve shirts
Long sleeves,Long sleeve shirts
Long sleeve t-shirts,Long sleeve t-shirts
Long sleeve t-shirt,Long sleeve t-shirts
T-shirt with long sleeves,Long sleeve t-shirts
T-shirts with long sleeves,Long sleeve t-shirts
Loose fit jeans,Loose fit jeans
Makeup bags,Makeup bags
Makeup bag,Makeup bags
Maternity clothes,Maternity clothes
Maternity clothing,Maternity clothes
Maternity wear,Maternity clothes
Pregnancy clothing,Maternity clothes
Maternity jeans,Maternity jeans
Maternity shirts,Maternity shirts
Maternity shirt,Maternity shirts
Maxi dresses,Maximekot
Maxi dress,Maximekot
Long dress,Maximekot
Long dresses,Maximekot
Midi dresses,Midimekot
Midi dress,Midimekot
Midi skirts,Midi-skirt
Midi skirt,Midi-skirt
Mini dresses,Minidresses
Mini dress,Minidresses
Short dress,Minidresses
Short dresses,Minidresses
Mini skirts,Miniskirts
Mini skirt,Miniskirts
Mittens,Mittens
Necklaces,Necklaces
Necklace,Necklaces
Outdoor clothing,Outdoor clothing
Outdoor clothes,Outdoor clothing
Outdoor jackets,Outdoor jackets
Outdoor jacket,Outdoor jackets
Outdoor trousers,Outdoor trousers
Outdoor pants,Outdoor trousers
Outerwear,Outerwear
Overalls,Overalls
Pajamas,Pajamas
Pajama,Pajamas
Pants,Pants
Trousers,Pants
trouser,Pants
colored pants,Pants
Parkas,Parkasakit
Anoraks,Parkasakit
Parka jackets,Parkasakit
Parka,Parkasakit
Anorak,Parkasakit
Parka jacket,Parkasakit
Party dresses,Party dresses
Party dress,Party dresses
Evening dress,Party dresses
Evening gown,Party dresses
Dress for evening,Party dresses
Evening gowns,Party dresses
Dresses for evening,Party dresses
Evening dresses,Party dresses
Pilot jackets,Pilot jackets
Pilot jacket,Pilot jackets
Playsuits,Playsuits overalls
Playsuit,Playsuits overalls
Polo shirts,Pique shirts
Pique shirts,Pique shirts
Tennis shirt,Pique shirts
Polo shirt,Pique shirts
Pique shirt,Pique shirts
Tennis shirts,Pique shirts
Printed t-shirts,Printed t-shirts
Printed t-shirt,Printed t-shirts
Rain pants,Rain pants
Waterproof pants,Rain pants
Water proof pants,Rain pants
Corduroy pants,Corduroy pants
Leather pants,Leather pants
Raincoats,Raincoats
Raincoat,Raincoats
Rain jacket,Raincoats
Rain jackets,Raincoats
waterproof jacket,Raincoats
waterproof jackets,Raincoats
sailing jackets,Raincoats
sailing jacket,Raincoats
rain clothes,Raincoats
Rainwear,Rainwear
Waterproof clothing,Rainwear
sailing clothes,Rainwear
Water proof clothing,Rainwear
Rubber boots,Rubber boots
Wellingtons,Rubber boots
Rubber boot,Rubber boots
Wellies,Rubber boots
Wellington boots,Rubber boots
Wellington boot,Rubber boots
Gumboots,Rubber boots
Gumboot,Rubber boots
Running clothes,Running clothes
Running shoes,Running shoes
Runners,Running shoes
Jogging shoes,Running shoes
Running shoe,Running shoes
Running trainers,Running shoes
Running sneakers,Running shoes
Sandals,Sandals
Flip flops,Sandals
Summer sandals,Sandals
Flip flop,Sandals
Scarves,Scarves
Scarf,Scarves
Shell jackets,Shell jackets
Shell jacket,Shell jackets
Shell pants,Shell pants
Shirt dresses,Shirt dresses
Shirt dress,Shirt dresses
Shirts,Collared shirts
Shirt,Collared shirts
Shoes,Shoes
Footwear,Shoes
Shoe,Shoes
Choose,Shoes
Kicks,Shoes
Shows,Shoes
Short tops,Short tops
Short top,Short tops
Short-sleeved shirts,Short sleeve shirts
Short-sleeved shirt,Short sleeve shirts
Short sleeve shirt,Short sleeve shirts
Short sleeve shirts,Short sleeve shirts
Shirt with short sleeves,Short sleeve shirts
short sleeves,Short sleeve shirts
Short-sleeved t-shirts,Short-sleeved t-shirts
Short-sleeved t-shirt,Short-sleeved t-shirts
Short sleeve t-shirts,Short-sleeved t-shirts
Short sleeve t-shirt,Short-sleeved t-shirts
T-shirt with short sleeves,Short-sleeved t-shirts
Shorts,Shorts
Shoulder bags,Shoulder bags
Shoulder bag,Shoulder bags
Ski clothing,Ski clothing
Ski clothes,Ski clothing
Ski wear,Ski clothing
Ski jumper,Ski clothing
Skinny jeans,Whistle jeans
Skirts,Skirts
Skirt,Skirts
Sleepwear,Sleepwear
Sleeping clothes,Sleepwear
Nightwear,Sleepwear
Sleep clothes,Sleepwear
Nightclothes,Sleepwear
Nightgown,Sleepwear
Nightie,Sleepwear
Sleeping bag,Sleepwear
Sleeveless dresses,Sleeveless dresses
Sleeveless dress,Sleeveless dresses
Dress without sleeves,Sleeveless dresses
Sleeveless tops,Sleeveless tops
Sleeveless top,Sleeveless tops
Top without sleeves,Sleeveless tops
Slippers,Slippers
Slipper,Slippers
Small bags,Small bags
Small bag,Small bags
Sneakers,Sneakers
Sneaker,Sneakers
Snickers,Sneakers
Trainers,Sneakers
sniker,Sneakers
snikers,Sneakers
basketball shoes,Sneakers
golf shoes,Sneakers
Snowboard clothing,Snowboard clothing
Snowboard clothes,Snowboard clothing
Snowboarding clothes,Snowboard clothing
snowsuit,Snowboard clothing
snow jacket,Snowboard clothing
snow jackets,Snowboard clothing
Snowboarding jacket,Snowboard clothing
Socks,Socks
Sock,Socks
Sox,Socks
Softshell jackets,Softshell jackets
Softshell jacket,Softshell jackets
Sports bags,Sports bags
Sports bag,Sports bags
Gym bag,Sports bags
Fitness bag,Sports bags
Gym bags,Sports bags
Fitness bags,Sports bags
Sports glasses,Sports glasses
Sports gloves,Sports gloves
Sports jackets,Sports jackets
Sports jacket,Sports jackets
Sports coat,Sports jackets
Sports coats,Sports jackets
Sport jackets,Sports jackets
Sport jacket,Sports jackets
Sports pants,Sports pants
Sports shirts,Sports shirts
Sports shirt,Sports shirts
Training shirt,Sports shirts
Training shirts,Sports shirts
Sports shoes,Sports shoes
Sports shoe,Sports shoes
Gym shoes,Sports shoes
Gym shoe,Sports shoes
Sport shoe,Sports shoes
Sport shoes,Sports shoes
Sports shorts,Sports shorts
Biking pants,Sports shorts
Biking shorts,Sports shorts
Training shorts,Sports shorts
Bicycle pants,Sports shorts
Bicycle shorts,Sports shorts
Sports tops,Sports tops
Sports top,Sports tops
Sports underwear,Sports underwear
Sports undergarments,Sports underwear
Sportswear,Sportswear
Sports clothes,Sportswear
Sports clothing,Sportswear
Active wear,Sportswear
Activity wear,Sportswear
Sport,Sportswear
Spring jackets,Spring jackets
Spring jacket,Spring jackets
Spring coats,Spring jackets
Spring coat,Spring jackets
Coat for spring,Spring jackets
Coats for spring,Spring jackets
Jacket for spring,Spring jackets
Jackets for spring,Spring jackets
Strings,Stringit
Thongs,Stringit
Thong,Stringit
Suit jacket,Costume jackets
Lounge jacket,Costume jackets
Lounge coat,Costume jackets
Suit coat,Costume jackets
Suit shoes,Costume shoes
Dress shoes,Costume shoes
Suit trousers,Suit trousers
Suit pants,Suit trousers
Suit vests,Suit vests
Suit vest,Suit vests
Suitcases,Suitcases
Suitcase,Suitcases
Suits,Suits
Suit,Suits
Summer dresses,Summer dresses
Summer dress,Summer dresses
Dress for summer,Summer dresses
Sunglasses,Sunglasses
Sweatshirts,College shirts
Sweatshirt,College shirts
Sweat shirt,College shirts
Sweaters,Sweaters
Jumpers,Sweaters
Jumper,Sweaters
Sweater,Sweaters
Pullover,Sweaters
Pullovers,Sweaters
Swimming shorts,Swimming shorts
Swimming trunks,Swimming trunks
Swimsuits,Swimsuits
Swimsuit,Swimsuits
Bathing suit,Swimsuits
Bathing suits,Swimsuits
Swimwear,Swimwear
T-shirts,T-shirts
T-shirt,T-shirts
striped t-shirt,T-shirts
striped t-shirts,T-shirts
Tennis shoes,Tennis shoes
Tennis shoe,Tennis shoes
Tops,Tops
Top,Tops
Tracksuits,Tracksuits
Tracksuit,Tracksuits
Travel bags,Travel bags
Travel bag,Travel bags
Tunics,Tunics
Tunic,Tunics
Underpants,Underpants
Panties,Underpants
Pantie,Underpants
Knickers,Underpants
Nickers,Underpants
Undershirts,Undershirts
Underwear,Underwear
Undies,Underwear
Lingerie,Underwear
Boxers,Underwear
Boxer shorts,Underwear
briefs,Underwear
brief,Underwear
undergarments,Underwear
jockstraps,Underwear
Vests,Vest
Vest,Vest
Walking shoes,Walking shoes
Wallets,Wallets
Wallet,Wallets
Watches,Watches
Watch,Watches
Weekend bags,Weekend bags
Weekend bag,Weekend bags
Wetsuits,Surf shirts and wetsuits
Wetsuit,Surf shirts and wetsuits
Wide leg jeans,Wide leg jeans
Windbreakers,Windbreakers
Wind stopper,Windbreakers
Windbreaker,Windbreakers
Windbreaker jacket,Windbreakers
Windbreaker jackets,Windbreakers
Wind proof jackets,Windbreakers
Windproof jackets,Windbreakers
Wind jacket,Windbreakers
Winter jackets,Winter jackets
Winter jacket,Winter jackets
Winter coat,Winter jackets
Winter coats,Winter jackets
Jacket for winter,Winter jackets
Warm jacket,Winter jackets
Winter clothing,Winter jackets
Coats for winter,Winter jackets
Winter shoes,Winter shoes
Shoes for winter,Winter shoes
Wrap dresses,Wrap dresses
Wrap dress,Wrap dresses
Wrapping skirts,Wrapping skirts
Wrapping skirt,Wrapping skirts
Wrap skirt,Wrapping skirts
Wrap skirts,Wrapping skirts
Ankle boots and booties,Ankle boots and booties
Ankle boots,Ankle boots and booties
Booties,Ankle boots and booties
Heeled ankle boots,Ankle boots and booties
Heeled boots,Ankle boots and booties
Ankle booties,Ankle boots and booties
Boots with heels,Ankle boots and booties
High heel boots,Ankle boots and booties
Bikini pants,Bikini pants
Bikini bottom,Bikini pants
Bikini bottoms,Bikini pants
Bikini tops,Bikini tops
Bikini top,Bikini tops
Bomber jackets,Bomber jackets
Bomber jacket,Bomber jackets
Business,Business
Work,Business
Professional,Business
Clothing,Clothing
Clothes,Clothing
Formal clothing,Formal clothing
High heels,High heels
Heels,High heels
High heel shoes,High heels
Shoes with high heels,High heels
Shoes with heels and pumps,High heels
Shoes with heels,High heels
Shoe with heels,High heels
Hiking shoes,Hiking shoes
Hiking shoe,Hiking shoes
Hiking boots,Hiking shoes
Turtlenecks,Polo shirts
Puffer jackets,Puffer jackets
Puffer jacket,Puffer jackets
Puffer,Puffer jackets
Puffers,Puffer jackets
Rings,Rings
Ring,Rings
Running pants and leotards,Running pants and leotards
Running pants,Running pants and leotards
Running bottoms,Running pants and leotards
jogging pants,Running pants and leotards
jogging bottoms,Running pants and leotards
Ski jackets,Ski jackets
Ski jacket,Ski jackets
Skiing jacket,Ski jackets
Skiing jackets,Ski jackets
Ski boots,Ski boots
Soccer shoes,Soccer shoes
Football shoes,Soccer shoes
Soccer cleats,Soccer shoes
Football shoe,Soccer shoes
Football boots,Soccer shoes
Sweat pants,Sweat pants
Joggers,Sweat pants
Track pants,Sweat pants
Sweatpants,Sweat pants
College pants,Sweat pants
Sweat clothes,Sweat clothes
Biking shoes,Biking shoes
Athletic shoes,Athletic shoes
Umbrellas,Umbrellas
Winter boots,Winter boots
Boots for winter,Winter boots