department,sex
departments,sex
section,sex
sections,sex
clothes,category
clothing,category
clothing gallery,category
products,category
goods,category
collection,category
items,category
things,category
pieces,category
stuff,category
brand,brand
brands,brand
brand options,brand
colors,colors
color options,colors
color preferences,colors
color choices,colors
color alternatives,colors
color patterns,colors
sizes,sizes
size options,sizes
size preferences,sizes
size choices,sizes
size alternatives,sizes
size range,sizes
size ranges,sizes
sort options,sort
sort preferences,sort
sort choices,sort
sort alternatives,sort