exclusive,price_desc
price descending,price_desc
most exclusive,price_desc
most pricey,price_desc
exclusivity,price_desc
luxurious,price_desc
luxury,price_desc
expensive,price_desc
most expensive,price_desc
price high to low,price_desc
highest price,price_desc
highest,price_desc
high price,price_desc
price,price_asc
pricing,price_asc
price ascending,price_asc
price low to high,price_asc
lowest price,price_asc
lowest,price_asc
low price,price_asc
lower price,price_asc
cheap,price_asc
cheapest,price_asc
least expensive,price_asc
increasing price,price_asc
cost,price_asc
popular,popularity_desc
most popular,popularity_desc
popularity,popularity_desc
best,popularity_desc
top sellers,popularity_desc
top seller,popularity_desc
top selling,popularity_desc
favorite,popularity_desc
fanciest,popularity_desc
fancy,popularity_desc
most sold,popularity_desc
new,new_desc
latest,new_desc
